Full Name,Phone Number
Γιώργος Παπαδόπουλος,6928850616
Μαρία Ιωάννου,6991704910
Κώστας Δημητρίου,6906648554
Ελένη Καραγιάννη,6955309189
Νίκος Αντωνίου,6909224483
Αναστασία Σπυροπούλου,6917148589
Παναγιώτης Κωνσταντίνου,6925013802
Κατερίνα Βασιλείου,6903497319
Στέλιος Μιχαηλίδης,6952806722
Δήμητρα Χριστοδούλου,6908185484
Αλέξανδρος Πετρίδης,6984740971
Σοφία Γεωργίου,6957023164
Θοδωρής Παναγιωτίδης,6983659376
Χριστίνα Οικονομίδου,6971583816
Ανδρέας Λαμπρόπουλος,6959353635
Νατάσα Κουρή,6983027950
Μιχάλης Παυλίδης,6926754028
Ιωάννα Μαρκάκη,6998417112
Χρήστος Σαμαράς,6971064287
Λουκία Δεληγιάννη,6998868107
